23b63703-4660-4f68-b735-e5045ca18301,-1001090650732,2019-05-20 20:59:07.002627
9954c6cc-d9df-4b2a-8cd1-5d61455ee961,-1001090650732,2019-05-20 21:00:59.518062
5ce46a80-0676-4fae-8ce4-3fbc07a489c4,-1001090650732,2019-05-20 21:19:58.396202
97643977-d6b5-441c-a407-4319f1c374ec,-1001090650732,2019-05-20 21:22:39.825436
ea4e00ce-fab0-4691-b096-454f0110858f,-1001090650732,2019-05-20 21:31:10.736658
0a051956-0319-45f2-ad1d-8277e0f8ceea,-1001090650732,2019-05-20 21:32:13.062223
e227739b-0655-4402-b244-13e97608db59,-1001090650732,2019-05-20 21:38:15.868974
049eb7c1-8349-4f80-9e77-377bf3f46d9e,-1001090650732,2019-05-21 14:02:24.650513
5f492ced-6e8e-491f-b712-a72223d57b96,-1001090650732,2019-05-21 14:05:51.893367
865ac46c-2146-40a6-bef0-827dd7691d81,-1001090650732,2019-05-21 14:08:54.125790
c209a711-bc8b-4688-ad8a-ab34eca4b65f,-1001090650732,2019-05-21 14:11:46.771664
b121e219-3793-42d6-9174-2fef77215796,-1001090650732,2019-05-21 14:17:04.324827
b5c08a6e-6957-4ba0-9d7b-80137f08456e,-1001090650732,2019-05-21 14:28:33.081222
1d8e0b79-e044-4933-9499-c5525252d7f9,-1001090650732,2019-05-21 15:08:29.419285
39196b3c-fa8c-4da7-abd1-3ca4c090f5ca,-1001090650732,2019-05-21 15:11:06.351261
3a76af89-52e6-436e-b1fb-7127f39e5de5,-1001090650732,2019-05-21 15:12:35.502360
636c0055-5e88-4b8e-8c95-6c78ff15de69,-1001090650732,2019-05-21 16:32:57.733176
c5ca1220-065a-4de6-9c10-dd3134d46c98,-1001090650732,2019-05-21 16:43:07.999081
3d808ea8-2539-4c64-b889-fcf0c3fc5be6,-1001090650732,2019-05-21 16:46:43.168388
3cfac099-d9b1-4e88-bd7f-23c9399cf717,-1001090650732,2019-05-21 16:48:58.463126
a31474f2-e614-40eb-bd0b-5c4a81c7f3d3,-1001090650732,2019-05-21 16:50:12.772377
fe41198e-5cdf-415b-b066-8f8aacaf4cbf,-1001090650732,2019-05-21 16:52:21.463737
02b2d8c2-1a2e-4a87-a4a8-05d591013df8,-1001090650732,2019-05-21 16:53:09.505485
ac9642f9-eb05-416d-8412-4cf3c3cc5d1b,-1001090650732,2019-05-21 16:54:22.523662
43bc5807-79dd-49dd-8135-4bec828b051b,-1001090650732,2019-05-22 05:39:40.539022
4c319aeb-a741-4972-b3e8-af5021d8ff3c,-1001090650732,2019-05-22 05:42:19.120092
43d43bc6-a3b4-411f-a613-4b638b0ee248,-1001090650732,2019-05-22 05:49:21.387244
0c358713-051d-4870-935b-550f5ec99c57,-1001090650732,2019-05-22 05:49:24.211406
f7f3dfb8-d0ce-4109-8cc1-51f3ac34696d,-1001090650732,2019-05-22 05:51:31.154667
6f787030-11bd-4f26-a3b8-467076ed7966,-1001090650732,2019-05-22 05:52:15.080179
f13656c7-f48e-4eca-aebd-9d27ef9b61b5,-1001090650732,2019-05-22 05:53:18.865827
74c3acc0-9003-4944-aa4a-0c025d7d4e12,-1001090650732,2019-05-22 05:54:47.380890
6d9c01ce-d03d-4dc8-bfb2-3df0e76cb1c4,-1001090650732,2019-05-22 05:59:22.856647
f2be9285-2fff-4836-9088-b5d8df592655,-1001090650732,2019-05-22 23:27:55.406609
e1ccd245-2764-4176-a6cb-99f0987fad01,-1001090650732,2019-05-22 23:29:36.353383
14963a99-53b7-4e74-a9f2-3aa67cf4590a,-1001090650732,2019-05-22 23:33:54.196130
77f04b31-0580-4124-a151-60069688f1a3,-1001090650732,2019-05-22 23:56:21.507192
5c04ab81-56dd-4ddf-8dae-27ee704562b6,-1001090650732,2019-05-22 23:57:37.412534
b25d6e61-b5db-4bed-90c1-25ea0aa9174e,-1001090650732,2019-05-23 00:32:43.077971
85c28664-1b80-47aa-b81c-101dfae9d733,-1001090650732,2019-05-23 00:38:12.275800
38f0cf7a-9de8-4c2b-b120-bbe277dd45aa,-1001090650732,2019-05-23 01:12:53.401833
7d12b416-2b37-4e3b-b69b-93644aa79ec5,-1001090650732,2019-05-23 01:15:35.654114
736b7dfd-b6f5-41fc-8457-45fdcf40c1c4,-1001090650732,2019-05-23 02:07:03.897751
d926716e-d87f-45ba-a6e9-64f01ec5b9d4,-1001090650732,2019-05-23 02:13:19.285222
9c696198-807b-4709-a3a2-7701d7f76a7c,-1001090650732,2019-05-23 02:15:15.108847
f98b43ef-a902-40f3-8e2e-310ab005aa6f,-1001090650732,2019-05-23 02:19:57.953025
6c437a01-ffd0-4ceb-8dc2-5a3c6b96f5c3,-1001090650732,2019-05-23 04:05:01.405561
73687936-1cdf-47d0-ad82-8bc26cfa0547,-1001090650732,2019-05-27 03:00:41.624144
e08dcc8c-3cee-4eec-94cc-67ab5d38a66f,-1001090650732,2019-05-27 03:01:16.772154
a976570f-d22b-4209-9268-f1a1bedca5fd,-1001090650732,2019-05-27 03:05:25.289368
0bc94238-8794-4aa1-a55f-39e99298ceee,-1001090650732,2019-05-27 03:29:35.934341
204a1fad-a3b5-4b79-beef-87d5b579c658,-1001090650732,2019-05-27 03:32:23.671935
34f55463-7770-4dec-b2db-a7ead5b96436,-1001090650732,2019-05-27 03:34:31.840265
de9185b0-0954-4706-8418-07bc4cab9707,-1001090650732,2019-05-28 04:22:09.204014
8430c145-61d6-4abd-b46a-778406633746,-1001090650732,2019-05-28 04:23:54.141016
e3a04055-d4b4-4ec8-a63f-c5ece6a5a6f8,-1001090650732,2019-05-28 04:27:44.820210
217cf11a-c2e3-4b7f-8676-f833307197a4,-1001090650732,2019-05-28 04:28:22.681376
06509cf5-5a7f-422f-8bdc-06ad0fdbb7db,-1001090650732,2019-05-28 04:32:05.096097
840b815e-01dc-40c8-9c48-61fa6e132451,-1001090650732,2019-05-28 04:34:51.089591
caa54325-d018-407d-87b7-96026ac88a30,-1001090650732,2019-05-28 04:46:52.370846
887d5de7-7cc7-405e-a191-78d6375d502f,-1001090650732,2019-05-28 04:48:17.293703
595373af-c877-4cbe-bba7-2939aa17adf7,-1001090650732,2019-05-28 04:50:32.962463
8c46bc43-4cdb-45da-b840-1a1ab6497960,-1001090650732,2019-05-28 04:51:48.156764
74bb8248-e1f5-400c-b537-7db5e3955abb,-1001090650732,2019-05-28 05:04:24.178006
0cd49810-a7ad-4d7a-91d3-20c93564796e,-1001090650732,2019-05-28 05:06:43.251961
0b06126d-3eb1-468d-8562-cc425e7cb7d2,-1001090650732,2019-05-28 05:08:52.144333
3cd67d33-968a-457c-b21f-78dc20bfc431,-1001090650732,2019-05-28 05:10:40.035504
e1fc520d-eb44-4eb4-8be9-3d35cc2e1911,-1001090650732,2019-05-28 05:14:21.178153
d214f4ea-96fb-415a-9ed6-cf2659989bbe,-1001090650732,2019-05-28 05:19:24.159482
f5cec1f7-506a-4e08-b98c-3abfa3549574,-1001090650732,2019-05-28 05:20:54.345640
e844177c-cbbe-4602-8901-6ef4eccd0f82,-1001090650732,2019-05-28 05:22:37.578545
5903c214-ca8f-4ca7-9730-492fc9aaefb8,-1001090650732,2019-05-28 05:25:54.726821
29b66d82-4b6f-4a79-bb5c-3e1291b41ad0,-1001090650732,2019-05-28 05:27:55.538731
071168a1-a1f2-424c-8a1c-9d944fb4fef5,-1001090650732,2019-05-28 05:35:18.788084
caaf3377-d81a-4a5f-90f0-a562fd091837,-1001090650732,2019-05-28 05:36:44.034960
3749e29d-2ad2-40d9-a71a-bc0422f7db7a,-1001090650732,2019-05-28 23:18:16.731590
0289efda-baaf-4562-9f06-bcc727835547,-1001090650732,2019-05-28 23:20:03.690708
339655f7-1859-4ef1-a02a-d9da18c7f2de,-1001090650732,2019-05-28 23:21:58.866296
a2383bc9-9021-4539-bace-ea549fac35a4,-1001090650732,2019-05-29 22:54:23.813521
d8e656f2-f5a4-4bdf-8589-e9563c8dfd26,-1001090650732,2019-05-29 22:56:36.101088
d531f1c9-543d-48bb-a3ee-3360d4eec8f7,-1001090650732,2019-05-29 22:58:48.175642
e5c0e8d7-9c8c-44fe-ad91-5d52caa55983,-1001090650732,2019-05-29 23:00:28.935405
0baef747-bd46-4c20-b07f-060267831620,-1001090650732,2019-05-29 23:02:17.186597
5ce0f4e3-0344-4867-833e-07d093957afb,-1001090650732,2019-05-29 23:08:26.604726
def28220-bbbd-4883-b6ec-53b697c02cda,337412327,2019-05-29 23:11:08.897009
2320b16c-2a24-4196-9196-5251a7e82255,-1001090650732,2019-05-29 23:12:59.872356
54078c96-17c4-40de-869b-be7b3aa50f28,-1001090650732,2019-05-29 23:14:24.599202
ef3267c6-732d-4509-9307-d70a83bd0f94,-1001090650732,2019-05-29 23:17:37.584240
7c4338f4-0e5c-486d-918a-f2297bfda6b1,-1001090650732,2019-05-29 23:22:48.185006
6f116e58-420b-45d6-800d-eefd4c9e49b4,-1001090650732,2019-05-29 23:25:41.917943
6941e454-f721-437a-b087-db31619fc216,-1001090650732,2019-05-29 23:43:36.969432
742e5948-6a1b-474b-a36f-ea1d57fea661,-1001090650732,2019-05-29 23:45:18.816258
ab8a1c01-8ff5-40ea-a49d-2f66775a7209,-1001090650732,2019-05-29 23:49:07.715350
a7600095-8fef-44a9-8472-7a6ad8d69c2d,-1001090650732,2019-05-30 00:16:07.400991
3313c820-0851-4bdb-b8e7-70ff41d1fcf0,-1001090650732,2019-05-30 00:19:06.262221
e58e8cb2-3749-4224-bf5e-9bfeffa73a55,-1001090650732,2019-05-30 00:25:08.228924
104bd97c-454c-43e1-8e28-466cd930190b,-1001090650732,2019-05-30 00:31:09.879609
bd753ac4-ebde-4df0-b19d-ab1dee600c44,-1001090650732,2019-05-30 00:34:11.829016
38d7a1de-018f-47ea-a2e4-8f0d21b1856d,-1001090650732,2019-05-30 00:42:33.307699
aaf8340a-f992-4076-94c2-772c7179d6e6,-1001090650732,2019-05-30 00:44:24.430055
e05f0a07-8014-4a76-8167-e73172385b17,-1001090650732,2019-05-30 00:51:17.058656
e7344b04-aa8f-4490-807b-c7df24283414,-1001090650732,2019-05-30 00:56:49.170652
85692913-c274-43a2-9f89-0b31dbd08166,-1001090650732,2019-05-30 00:58:45.179287
8f66603f-0c2d-412f-8273-c1e431492bb2,-1001090650732,2019-05-30 01:02:18.285476
dc2206be-6375-43fc-93b3-8530b29816d2,-1001090650732,2019-05-30 01:12:26.899287
2c110414-6656-46d4-b6b6-395e792b87be,-1001090650732,2019-05-30 01:20:41.013548
2f33cc65-433d-4f41-a44d-03f6668bc6cd,-1001090650732,2019-05-30 01:24:36.509018
6e2874f0-87b2-42be-96d1-fa2bf1b46e55,-1001090650732,2019-05-30 01:27:17.465224
598dc727-5eda-4c0a-9ed6-fa362ad9a626,-1001090650732,2019-05-30 01:32:00.288860
09b72e23-3e40-4dd9-a885-6875149ef58e,-1001090650732,2019-05-30 01:37:21.698462
ff1e93b3-86e8-4824-a755-6932f43223d8,-1001090650732,2019-05-30 01:45:44.299300
356db5c7-f0f9-42eb-a2ae-8ce482384c6b,-1001090650732,2019-05-30 01:49:26.018306
e97308d5-e8ba-41f7-a96c-e35ddd25d8d9,-1001090650732,2019-05-30 01:56:12.862675
0e309e77-2895-4852-b179-638a5be8e977,-1001090650732,2019-05-30 02:05:02.073934
b9d3d2dc-87f6-40d3-b720-ae5e2ccb19bd,-1001090650732,2019-05-30 02:07:07.423067
43161e93-0b37-45f3-a368-20fbf31d5882,-1001090650732,2019-05-30 02:16:59.512194
f24b4056-e47c-4cb1-a043-069023617ca7,-1001090650732,2019-05-30 02:31:29.689393
50d8bb89-4c8b-421c-b737-fad1bf6b239e,-1001090650732,2019-05-30 02:34:22.283264
637ea0fc-2e17-4000-ac0e-99635fda9c50,-1001090650732,2019-05-30 02:40:12.808313
d5b9b159-cf7d-402b-9005-31fff6ef21d3,-1001090650732,2019-05-30 02:54:02.164750
2219a2e6-90e5-4810-8c2b-a65c030dc8c3,-1001090650732,2019-05-30 03:02:00.927133
037041df-db80-44cd-8d5a-4a23b1236445,-1001090650732,2019-05-30 15:58:02.141610
10b455f2-07bc-4530-8ac5-e70b52feb7a5,-1001090650732,2019-05-30 16:01:30.707539
0303f8c1-0fa6-4583-a249-38fdef78df3d,-1001090650732,2019-05-30 16:06:54.037032
7ed630be-df66-46d1-8132-7773b24dfbc4,-1001090650732,2019-05-30 16:13:34.476936
387ba614-b6ea-47db-a26d-3c96f0faf5df,-1001090650732,2019-05-30 17:47:32.567416
bd10ac33-498c-43a2-b372-e56d1016b2b7,-1001090650732,2019-05-30 17:49:02.985588
7ad5d73f-f895-4eb2-bb80-e982026ce2d8,-1001090650732,2019-05-30 17:49:53.923502
a19e7977-3618-4c1c-98f1-bc87a8f75fb4,-1001090650732,2019-05-30 17:57:26.808405
bea200a8-2b8c-428b-93a2-636cecc8cfc2,-1001090650732,2019-05-30 18:05:38.811546
137cdc2e-4fc6-4363-b931-93cf9faeda20,-1001090650732,2019-05-30 18:16:34.132028
43fcca21-966f-4f4b-8661-2be8973df58e,-1001090650732,2019-05-30 18:18:53.579004
adcffce7-5e94-4465-bb54-88c09bfef698,-1001090650732,2019-05-30 18:22:41.864061
9ca88221-c725-485b-b939-71302f9cb07e,-1001090650732,2019-05-30 18:29:07.755133
d5d04251-4565-4de2-b006-247d2bace5e4,-1001090650732,2019-05-30 18:34:20.924045
f178c097-cc91-4321-a0e8-bbeda3e0be56,-1001090650732,2019-05-30 18:53:28.878705
f666dba4-8610-40c8-bee3-af6ce152136d,-1001090650732,2019-05-30 19:02:07.366360
04c90311-bf3a-4be3-98b3-793fbe5142ff,-1001090650732,2019-05-30 19:08:34.910527
4d293404-cf10-4e9d-a904-340777d822fe,-1001090650732,2019-05-30 19:14:39.429376
773bb53d-2feb-4fd5-8d07-c7ea749ff294,-1001090650732,2019-05-30 22:45:51.850197
dc9882f3-6542-4d24-a783-80ac6f944b5d,-1001090650732,2019-05-30 22:52:42.039658
8053704d-513c-4c5b-bb82-9fa1496f21e7,-1001090650732,2019-05-31 16:14:17.240516
3331a36a-a04b-43e6-a25a-d25f977b15ee,-1001090650732,2019-05-31 16:22:30.150709
0bd7fe03-7af6-45a2-aa77-03dc9853c934,-1001090650732,2019-05-31 16:27:03.243329
117e532f-5ec9-43c2-9b3b-b37315db7bf7,-1001090650732,2019-05-31 16:31:51.718829
890fc5c6-c312-4238-9cf8-ba247aafe94f,-1001090650732,2019-05-31 16:35:12.965340
8968583b-3d6e-44a4-af9d-43c56f047b3a,-1001090650732,2019-05-31 16:35:33.384508
9dde70b9-f32c-4156-bd2d-e36a112510f7,-1001090650732,2019-05-31 16:35:46.744272
b2771b67-1566-440a-b04a-f5aef9a0020c,-1001090650732,2019-06-01 00:51:49.514628
592b526a-624d-40ba-adaf-14c1d54dec0f,-1001090650732,2019-06-01 00:55:56.272742
f50cfff3-337b-4b68-a4cd-fc7edaa32f3b,-1001090650732,2019-06-01 01:02:35.576581
73646c2e-23f9-4cc7-bcb4-3591a349b38f,-1001090650732,2019-06-01 01:02:49.133356
704a90e7-67d4-49e0-95f0-6d4583e28495,-1001090650732,2019-06-01 01:03:02.018093
1705a69f-b32f-4784-829f-9d2a2468a770,-1001090650732,2019-06-01 01:03:13.649758
d13336f1-03da-4931-aec7-04d905815735,-1001090650732,2019-06-01 01:03:27.113529
2855692c-738e-4da7-9391-0ce77b95823c,-1001090650732,2019-06-01 01:09:39.079804
b72f9bb2-3c2e-4b28-9cf6-46a3b7a74a5b,-1001090650732,2019-06-01 01:14:27.365293
e443e0f1-05c1-430e-9653-4410c2fd1a99,-1001090650732,2019-06-01 01:20:39.767593
5c57ea66-6280-4c67-97c2-6656fe4e0ae0,-1001090650732,2019-06-01 01:28:40.630097
63abe97f-46cb-46ba-8ca1-b4654d3b9314,-1001090650732,2019-06-01 01:29:53.700276
6c40f75e-7e80-4e0c-8c37-27e0aebfab80,-1001090650732,2019-06-01 01:30:13.496408
b10dd241-ffde-4136-8b0b-cc542b362d4a,-1001090650732,2019-06-01 01:43:16.163174
5b927f2f-4044-4ed5-9955-d7995b4a6b81,-1001090650732,2019-06-01 01:44:50.594576
e1fd5b87-a51e-42eb-a7f6-6f1443d688ab,-1001090650732,2019-06-01 15:45:33.828092
cd41ce69-6bd4-46e6-be40-b09087ee07da,-1001090650732,2019-06-01 15:58:59.888196
ee36b9c4-0bfe-4d5d-aec0-86e9789720c2,-1001090650732,2019-06-01 15:59:16.462144
c481a31b-3213-4f6e-b10f-e36f795f090c,-1001090650732,2019-06-01 15:59:30.030920
e9aba68c-b83f-4a63-a147-547c6bbc34c8,-1001090650732,2019-06-01 15:59:40.609525
baa01290-7612-49fe-a16c-de554c0e740e,-1001090650732,2019-06-01 15:59:51.485147
ba235589-ec44-44fb-b9a3-233176cf11f2,-1001090650732,2019-06-01 16:02:27.726083
5fbd9f30-8cf3-4c26-994c-d9316fbc36b8,-1001090650732,2019-06-01 16:02:45.643108
1aee733b-b5e5-4e62-9efa-32be4430df91,-1001090650732,2019-06-01 16:08:06.231445
785ee9e9-87d3-4081-aa8c-c8db7c31638b,-1001090650732,2019-06-01 16:11:10.793001
abfe5aa9-101f-4617-afb4-6ad5f6ee5199,-1001090650732,2019-06-01 16:11:33.457297
3acf650a-b42c-4062-964d-ad9cdf2817bc,-1001090650732,2019-06-01 16:15:03.382305
004989e5-5068-43d7-aaf1-a84b2fcb49af,-1001090650732,2019-06-01 16:18:46.850086
6d527120-a8e0-4bfb-96b1-40d519eb8a9f,-1001090650732,2019-06-01 16:21:14.146511
091a36ce-c147-44ce-b545-7cf1dd70d4ec,-1001090650732,2019-06-01 16:21:30.407441
8edf8bef-4b2d-4f60-b455-d9d68d5c00ac,-1001090650732,2019-06-01 19:02:16.576170
4c65f680-5ce5-4cde-b844-11b20664b322,-1001090650732,2019-06-01 19:03:13.426422
75f9d567-4d26-4691-b262-f8f33b56cefa,-1001090650732,2019-06-01 19:04:48.500860
c31db400-883d-4d32-9606-0c7a995c22cc,-1001090650732,2019-06-01 19:13:54.717342
ade4dee9-1076-4eb2-b78b-0f42153d9f3e,-1001090650732,2019-06-01 19:17:22.972253
046d8eeb-3396-43f4-a16c-ec5afef3e951,-1001090650732,2019-06-01 21:31:46.881482
6b79cb04-ec8b-4a23-9fc0-fd3fcf66eb50,-1001090650732,2019-06-01 21:37:30.104114
10640b1c-509a-47cd-8813-d1f11cc9cf47,-1001090650732,2019-06-01 21:37:53.249437
fea37bfe-8a36-4c74-96d0-ecfa69f3d387,337412327,2019-06-01 21:41:31.298909
077b8af1-f78f-4ff7-92d9-d63021d1a0f0,337412327,2019-06-01 21:45:53.654915
2e7c2082-71e4-49fa-84ae-f605bd4114a9,337412327,2019-06-01 21:46:29.420961
daf1f4c3-20a9-4908-b7e1-8786fc4ad2ab,-1001090650732,2019-06-01 21:48:43.557633
0b6f2b21-5f73-4128-972c-4f19b147ffc4,-1001090650732,2019-06-01 22:19:02.772686
3b55844e-a789-4834-b4c6-37f4424ea066,-1001090650732,2019-06-01 22:19:29.633222
91013476-80b9-4e83-b51a-f9506c817dd8,-1001090650732,2019-06-01 22:19:44.646081
7da0633c-8fec-455b-8fc2-ac8f2e9dc19b,-1001090650732,2019-06-01 22:19:56.402754
5362c7b8-09dd-48a3-97e0-fcec96b26a3b,-1001090650732,2019-06-01 22:20:15.426842
e3bb80ff-457b-4f9c-97f9-0720d650d947,-1001090650732,2019-06-01 22:20:26.863496
7a30f144-2b66-4671-851e-6ced52b3ea6d,-1001090650732,2019-06-01 22:20:38.924186
5d30b10c-f84a-4d8d-8e4c-8ce2303d9f83,-1001090650732,2019-06-01 22:20:52.793979
52837e59-8367-4182-90cc-18a7f4674ab3,-1001090650732,2019-06-01 22:21:57.150660
1d70501f-65dd-4d58-b69a-387497b96ea7,-1001090650732,2019-06-01 22:25:11.084752
00b473d6-9acd-4841-a519-de615a9fcea4,-1001090650732,2019-06-01 22:27:31.219768
81f37710-fdd2-439b-9487-19b09c386d33,-1001090650732,2019-06-01 22:27:40.840318
0019cd25-87a2-43ef-a61e-def96da58ef5,-1001090650732,2019-06-01 22:27:51.692939
ae86264c-b072-4269-bc1a-852cafabed3f,-1001090650732,2019-06-01 22:28:04.942696
96af1fea-c402-4204-85ee-06b843424893,-1001090650732,2019-06-01 22:28:15.661310
fb1cf40a-2b46-44a2-bf1f-1d822b550917,-1001090650732,2019-06-01 22:28:26.566933
3dec534e-3a07-4408-91e0-7b93018f9ba4,-1001090650732,2019-06-01 22:33:43.723074
036cad3b-e92a-42f9-bb3f-128d1ae75e28,-1001090650732,2019-06-01 22:33:55.535749
b7ba2ca4-ed39-474e-8ae9-06db59c93ccd,-1001090650732,2019-06-01 22:38:11.695401
72db5f63-6e53-481f-99b3-ccbbb86bcc0c,-1001090650732,2019-06-01 22:38:24.315123
f2e0abaf-8c3e-493b-b7bd-f83c0e3b13c8,-1001090650732,2019-06-01 22:38:36.075795
fa35fcc9-a30a-4772-ac99-5574703193b1,-1001090650732,2019-06-01 22:38:46.600397
328052d5-6afe-467f-b828-7055634091ae,-1001090650732,2019-06-01 22:43:42.657331
d5dbd9d5-4103-4d11-84cc-5b30654b01a1,-1001090650732,2019-06-01 22:56:00.970560
2e06132d-2a43-44f5-8e9a-786be99c486a,-1001090650732,2019-06-01 22:59:24.352193
3b2c9672-7aa4-44dc-a502-4a691ff42496,-1001090650732,2019-06-01 22:59:35.272817
22ac5e0d-d510-4928-bf11-b7127c93a089,-1001090650732,2019-06-01 23:02:51.875062
435c0bd8-6563-4661-ab4b-bce07e7696e9,-1001090650732,2019-06-01 23:07:28.522886
dec746a9-72f4-4768-992c-a391c7d60721,-1001090650732,2019-06-02 01:15:07.863448
44e01dda-fc4c-4392-8103-c64aadf4bf67,-1001090650732,2019-06-02 01:15:29.126664
88210afe-edab-4d1c-9a70-9dfa7908a498,-1001090650732,2019-06-02 01:15:40.179296
81efa1a8-1efe-4366-9fa3-99266b87a55e,-1001090650732,2019-06-02 01:15:52.955027
595819a7-94d0-4fb3-b7a9-3fdede388842,-1001090650732,2019-06-02 01:16:04.901710
45c6d8f6-a30c-4509-9312-8ef0f04169d5,-1001090650732,2019-06-02 01:16:16.548376
2d14b199-1195-40cc-8da7-614f280e5924,-1001090650732,2019-06-02 01:16:27.688013
ce19d167-9596-44a2-9c0e-3b610adb1474,-1001090650732,2019-06-02 01:19:07.501154
ef23642c-4ba0-4865-af94-a363d8c2b41c,-1001090650732,2019-06-02 01:19:41.530100
06737c50-64d4-44ef-9d71-16ed4a75897b,-1001090650732,2019-06-02 01:21:58.697946
11104cb1-5640-4997-8320-6e2a63f5eabb,-1001090650732,2019-06-02 01:22:57.167290
3cd21bae-e261-41ac-9dea-8a8f0476caac,-1001090650732,2019-06-02 01:28:12.909350
dbdb4a9e-27e9-4419-b334-d34a11e34950,-1001090650732,2019-06-02 01:46:10.897007
1b163b19-11dc-4a43-8339-58633ad4345d,-1001090650732,2019-06-02 01:46:38.777602
05439617-7294-47f7-9f1d-839a773e6371,-1001090650732,2019-06-02 01:48:33.919187
5a483d4d-8477-486e-bde1-2902f9fca821,-1001090650732,2019-06-02 01:50:26.596632
1ee88ea1-9f62-475e-90cc-55c7b8ae6187,-1001090650732,2019-06-02 02:21:02.802657
e1047bb8-d7de-46cc-a25a-94bba55586af,-1001090650732,2019-06-02 02:21:27.063045
54616206-433c-41b1-a0ed-5050373253f8,-1001090650732,2019-06-02 02:21:38.229683
a064ed53-e0dc-433f-87d4-d8d0868709ab,-1001090650732,2019-06-02 02:21:49.671338
bbe9b1c0-223f-4d69-8b78-33a716edc2cc,-1001090650732,2019-06-02 02:22:02.952097
516e056e-09b7-4270-942f-e1b08acf8686,-1001090650732,2019-06-02 02:22:15.020788
5c76bb63-74b5-49bb-906a-60cb2c0372f6,-1001090650732,2019-06-02 02:22:26.320434
caefb16f-0fbd-4629-a185-1761dde7e971,-1001090650732,2019-06-02 02:25:56.998484
3a506300-ad0a-491e-b6ad-e60f8a980abf,-1001090650732,2019-06-02 02:26:10.663266
aa30ca06-2311-46f6-9b62-dc84fd6d5a59,-1001090650732,2019-06-02 02:42:58.996939
60e18277-85db-4b4e-8f5b-5eeb7da59b0f,-1001090650732,2019-06-02 02:43:15.664892
7664629a-0c25-4a98-965c-f404e6bd1e46,-1001090650732,2019-06-02 02:43:35.907050
f179a287-ce21-4b25-9a36-b7bc92eb8379,-1001090650732,2019-06-02 02:43:47.722726
1cca7aa6-d38d-4e5a-88ef-9a51836cceee,-1001090650732,2019-06-02 02:44:03.843648
8f99086f-ff28-45a1-8bac-9a719fadef9c,-1001090650732,2019-06-02 02:44:24.776845
d52bdec8-4eb6-472b-a36c-5b1d8c900e33,-1001090650732,2019-06-02 04:07:11.413921
816764e0-8773-4457-bea6-40d9127b0433,-1001090650732,2019-06-02 04:07:25.278714
409eadfb-7240-42f6-9112-f96c8974b2eb,-1001090650732,2019-06-02 04:07:36.894378
34e8538d-92ae-4be1-a971-dc49fe332184,-1001090650732,2019-06-02 04:07:48.115020
aad81202-01d6-4793-a9a6-5c16006e9b36,-1001090650732,2019-06-02 04:08:09.340234
153f5c45-616b-41a5-a411-d8a4d300de18,-1001090650732,2019-06-02 10:25:38.683702
b63ccff1-4061-4b0a-8fd8-ff956b9752a7,-1001090650732,2019-06-02 10:26:16.876887
55bf5c5a-19d1-415b-8274-8b21a4c32d34,-1001090650732,2019-06-02 10:26:30.833685
486e35b3-a873-4e1a-9acd-29ea7d18bde1,-1001090650732,2019-06-02 10:26:45.501524
8ba15f3b-9a1d-408c-b5f6-ab3e49439549,-1001090650732,2019-06-02 10:27:06.677954
465afbfd-e834-42e9-9580-4da5298f5fae,-1001090650732,2019-06-03 01:08:56.189894
31505f25-80cf-4fae-ba50-50e9da4a2f13,-1001090650732,2019-06-03 01:09:10.979740
a74f83ae-4e3a-444d-b334-fffdd4a66bc0,-1001090650732,2019-06-03 01:09:24.371506
ebbc0f2b-dcac-4dd1-9491-1fc3c815ead6,-1001090650732,2019-06-03 01:09:35.963169
5732889f-4800-4ff1-a862-dd4229354bfd,-1001090650732,2019-06-03 01:13:06.189193
26d6e9b6-1200-4bff-a20c-652e919ef4ab,-1001090650732,2019-06-03 01:14:45.312863
d1f839d5-049c-4fc8-8a3e-7ae66e2e7226,-1001090650732,2019-06-03 01:14:57.381553
b5777c6e-f29b-47c4-8ddd-b99b09bedb2b,-1001090650732,2019-06-03 01:15:14.649541
7e0d941c-097f-41a8-97fd-35294e70c259,-1001090650732,2019-06-03 01:15:28.193315
842c1840-2e27-40a0-bc16-5c58506fb603,-1001090650732,2019-06-03 01:15:39.986990
3fd6d7a0-a6a5-4676-9f4d-8634a4ece142,-1001090650732,2019-06-03 01:15:51.103626
01fcef40-61e4-47db-9f84-1ea80f856de1,-1001090650732,2019-06-03 01:16:01.786237
005b24aa-a3f0-4e11-ae78-9b9fb001827c,-1001090650732,2019-06-03 01:16:13.299895
b4d6fe6a-0f8b-42e8-a41f-9e020cce005c,-1001090650732,2019-06-03 01:16:23.391473
95a1e668-aefc-43a9-a170-412a6b0a467c,-1001090650732,2019-06-03 01:16:33.516052
24741b33-9ccd-4ae5-8a55-ebd95937c974,-1001090650732,2019-06-03 01:17:44.042086
80895999-733c-41da-8692-5849830f1790,-1001090650732,2019-06-03 01:18:05.010285
98b7907a-2251-443f-8115-ba4bb5e3b9c2,-1001090650732,2019-06-03 01:49:45.950012
9101bf1f-4e16-429f-8f84-bf4764dc6a00,-1001090650732,2019-06-03 01:50:04.406068
cd9c24f5-1049-4152-a628-9d00577ba0da,-1001090650732,2019-06-03 02:09:22.204290
662ee55e-9088-4c90-a5c4-f763b5af271a,-1001090650732,2019-06-03 02:09:32.548882
2935582c-9605-4891-9f1f-87445ed9cf90,-1001090650732,2019-06-03 02:09:45.473621
1adafd86-e6a4-42b1-bece-1897df5129db,-1001090650732,2019-06-03 02:09:58.437363
8c2e4510-5ec0-4d89-a1cd-b07ab4ddfe20,-1001090650732,2019-06-03 02:13:02.567894
abd1be90-06f7-4b2a-9082-82600e7126a4,-1001090650732,2019-06-03 02:13:16.199674
c48544a6-e58b-4b54-8353-57ac7f85ab61,-1001090650732,2019-06-03 02:13:28.740391
5e5270f8-4346-4c93-b31f-3531a196dc0b,-1001090650732,2019-06-03 02:15:56.196825
68c1cfb2-41ee-451a-bd14-efc1573ea4f2,-1001090650732,2019-06-03 02:16:06.060390
e82fa110-ee70-43fb-961e-fefa3c801048,-1001090650732,2019-06-03 02:16:18.897124
b555a4e4-5185-4287-9010-0801d5274286,-1001090650732,2019-06-03 02:16:32.112880
74e5da24-2874-429e-bf5a-e007e43d7b9b,-1001090650732,2019-06-03 02:16:49.781890
25345258-3761-4de5-a0f4-80ac4dfca635,-1001090650732,2019-06-03 02:17:00.770519
99b3574c-c944-4c43-af9e-307d92f5a5e3,-1001090650732,2019-06-03 02:17:16.927443
350d9d65-af01-47e4-a82b-6f24f1eb5055,-1001090650732,2019-06-03 02:17:31.292265
73610754-df70-4cf6-ae81-8a6e7ed1e3ac,-1001090650732,2019-06-03 02:22:58.557983
e13a0536-31ac-4085-93b0-84f3e988c998,-1001090650732,2019-06-03 02:26:27.634942
77b1aa5c-5715-448e-bcef-2d90ed108f20,-1001090650732,2019-06-03 02:27:11.556454
ccf3e723-ad2d-4fe4-9f22-4f50adc386f9,-1001090650732,2019-06-03 02:27:24.469192
241ee0d2-677f-40aa-93ce-a02e4b41f981,-1001090650732,2019-06-03 02:33:56.075591
57a63678-052f-4e05-9af9-eccd3edb9f5b,-1001090650732,2019-06-03 02:34:25.888296
535c363c-c729-4a1c-a73d-a22228fe3ac9,-1001090650732,2019-06-03 02:34:41.289177
cd319338-e6f6-4386-a023-82ac52c218db,-1001090650732,2019-06-03 02:40:54.527525
4aefb7ef-5c15-44c9-b4a8-56c408269a4e,-1001090650732,2019-06-03 02:41:09.308370
90fbffe4-4a94-47e6-9807-c6165534c4f8,-1001090650732,2019-06-03 02:41:32.225681
0cb1d648-aa1e-4f12-a8e5-75b31aaff402,-1001090650732,2019-06-03 02:41:48.542615
5ef31f8d-7a57-41fe-abf9-560fde40809b,-1001090650732,2019-06-03 02:41:59.438238
3c56f6b3-368f-47cc-a1a5-1cbaa8854bf1,-1001090650732,2019-06-03 02:55:23.749242
9bc0d541-6ba8-4d34-bbb7-dcfb23963bae,-1001090650732,2019-06-03 02:55:40.620207
22f02d89-cc29-4a0b-9f23-4b410f974d8d,-1001090650732,2019-06-03 02:56:09.911882
326d6d85-d7ea-438c-b0ed-19e230cbe1d5,-1001090650732,2019-06-03 23:15:51.270619
ae60ee92-ace3-4fda-85b3-7d4a9bc81d52,-1001090650732,2019-06-03 23:31:05.017883
23a9ea4f-292b-4365-a1e8-0680d1be8b5c,-1001090650732,2019-06-03 23:35:34.698308
97cc1f2c-ed81-4599-87fb-9ae5f48f5554,-1001090650732,2019-06-03 23:35:59.478725
801188fb-1507-4cd5-9296-0ed8fd0d7038,-1001090650732,2019-06-03 23:36:21.010957
13a8d153-2a7a-46b6-8a63-895b305536cb,-1001090650732,2019-06-03 23:48:57.493225
01c2abcc-a4d8-461f-a8bd-f679592ef0ea,-1001090650732,2019-06-03 23:51:39.958517
d17d99a5-6ef7-4921-9a39-8eba1bd464a1,-1001090650732,2019-06-03 23:51:54.811367
eaed7408-0835-4876-8905-b15b45701628,-1001090650732,2019-06-04 00:16:01.181095
da18cb13-f0fa-4fb5-8073-0fc2fa59d8a2,-1001090650732,2019-06-04 00:16:24.094405
72fedc8c-349d-4aac-9f21-23f295b0361d,-1001090650732,2019-06-04 00:20:20.384920
ced5db41-1bd4-4578-97e1-b3033311e70a,-1001090650732,2019-06-04 00:21:40.639510
167403bc-c813-4f1b-b879-e9cae4f008d0,-1001090650732,2019-06-04 00:23:13.009794
7607b6f8-a56a-4b69-8ccc-740e7a455bc1,-1001090650732,2019-06-04 00:23:28.074655
94e91303-ae1a-42c3-a9a7-8f914c6fe532,-1001090650732,2019-06-04 00:23:43.563541
d4dde91d-e754-4846-9f63-da89484a20f9,-1001090650732,2019-06-04 00:24:01.290555
4143cfda-d556-4c1a-a6c2-006a29642a93,-1001090650732,2019-06-04 00:42:03.175435
5e81a7b0-309f-4418-8f58-2fa302e7dfee,-1001090650732,2019-06-04 00:42:21.636491
1b035746-1b3f-4af6-8f18-33dffa0c196d,-1001090650732,2019-06-04 00:42:32.749127
91a67928-025a-42a1-9621-547c1f1703ed,-1001090650732,2019-06-04 00:42:46.684924
6e644637-e829-4626-a35e-f9f426be5e52,-1001090650732,2019-06-04 00:43:01.657780
8c791840-0b3f-4e66-bb6d-afdca9544d6d,-1001090650732,2019-06-04 00:43:16.301618
b3aa4852-e8ec-4791-a6c1-f773bb5a548f,-1001090650732,2019-06-04 00:43:30.598436
c10e78bc-d673-4bb7-9737-4ef9a2193244,-1001090650732,2019-06-04 00:45:25.260994
6d8dd7ea-5533-4efd-a3be-ae3b6979afab,-1001090650732,2019-06-04 00:47:31.953240
b81b3603-ec54-4b95-b69f-b2d6dc346dc0,-1001090650732,2019-06-04 00:47:48.238172
0f0118b7-6548-4431-b677-65bbdb8d2001,-1001090650732,2019-06-04 00:48:12.726573
409c9a03-8826-40b1-99f0-9bba568ac4d7,-1001090650732,2019-06-04 00:48:24.096223
5769599c-daa7-4a6e-9f1e-ae1a377d5fa1,-1001090650732,2019-06-04 00:48:36.958959
866267a7-1387-41d1-a6c8-0851b4c3d8fd,-1001090650732,2019-06-04 00:52:15.397453
b6126948-231e-4803-ac2f-26e9dcbac014,-1001090650732,2019-06-04 00:52:38.465772
1bc7ba03-844e-4b57-bbb9-c27cf90a53b9,-1001090650732,2019-06-04 00:52:59.226959
541c2a5e-fea6-4c80-b3f3-1604c9e175e9,-1001090650732,2019-06-04 00:53:12.455716
13e8af07-f0e9-42d8-9caf-00c695b9a4e4,-1001090650732,2019-06-04 00:56:19.636422
eb8e146a-91aa-4f02-9f6b-87c409eba387,-1001090650732,2019-06-04 00:56:39.529560
cdcddf4f-3a51-4381-91ed-ab70c9e82d94,-1001090650732,2019-06-04 00:56:52.805319
49bd1856-449b-4b60-9fd8-d0710df8d7dd,-1001090650732,2019-06-04 01:00:56.425254
82334b1b-ee05-4d8b-9648-71caeb5d90d3,-1001090650732,2019-06-04 01:01:09.061976
4f51e313-cb3e-4d94-8783-ba7c8cb06afc,-1001090650732,2019-06-04 01:01:20.029604
05e08394-6282-42b9-932a-31a76bc87fc7,-1001090650732,2019-06-04 01:01:32.968344
ee3af862-022f-4687-909f-95fa6ae00548,-1001090650732,2019-06-04 01:01:50.718359
8f6ee586-761d-4b54-bdc6-3a4f76d9ae63,-1001090650732,2019-06-04 01:04:22.659050
9372c3d0-6cda-40ab-9171-8f79a3997308,-1001090650732,2019-06-04 01:10:23.272675
a455842f-7971-444b-a53c-02f8b59e4bf6,-1001090650732,2019-06-04 01:13:56.459869
6a488093-322e-4039-9805-58b13ee0197c,-1001090650732,2019-06-04 01:14:11.260716
a07e9f80-c911-422d-b190-f02f598d64f9,-1001090650732,2019-06-04 01:14:22.472357
2d4af813-e655-4300-9957-3cda269c75a2,-1001090650732,2019-06-04 01:14:32.676941
9af98ab1-0a93-462c-95ee-24166ecd0a98,-1001090650732,2019-06-04 01:20:52.660674
7ed0d9b3-9a4c-4bb1-99a8-03414cea0700,-1001090650732,2019-06-04 23:53:59.028294
7528af1c-f9da-4770-96a7-29c2c81d2826,-1001090650732,2019-06-04 23:54:58.088672
143801cd-8445-497c-9865-d890d5a1d004,-1001090650732,2019-06-04 23:57:22.901954
7ae49d92-11b3-4144-9d5e-c9e47c36b1b7,-1001090650732,2019-06-05 00:38:10.440946
ad3cd81b-3b84-4eea-bc72-3a10aa703876,-1001090650732,2019-06-05 00:45:14.586205
a1930adf-b98b-4f42-becc-ac38b68b583c,-1001090650732,2019-06-05 00:54:52.068236
afa1a16c-6357-4e1a-abfd-995a1169562e,-1001090650732,2019-06-05 17:20:56.587344
30c54711-acb8-4180-b3b4-f545aea8ad00,-1001090650732,2019-06-05 18:00:30.971151
73d3f510-b7d3-46d6-8932-be1a5ccc7bed,-1001090650732,2019-06-05 18:03:18.991761
8d755d18-8f67-4050-8ca1-f932a62bf396,-1001090650732,2019-06-05 18:03:42.485105
27b1c65f-fe3f-4bb4-b28b-cf9c435516a0,-1001090650732,2019-06-05 18:09:09.881831
4e19e608-5dfa-47a1-a396-8f7c8f0a8e87,-1001090650732,2019-06-06 00:52:47.320989
f59c5f5c-99ce-4686-a5ff-77fa434c341e,-1001090650732,2019-06-06 00:54:56.041352
e7829a2e-88f0-4aa8-bd31-a1fbe1bda044,-1001090650732,2019-06-06 00:55:15.053439
1750f396-1205-42e6-b3de-e472f9ed0946,-1001090650732,2019-06-06 00:55:26.890116
ed0eb8f3-5454-4aaf-a695-27512aea9aeb,-1001090650732,2019-06-06 00:55:37.282710
84163726-bad8-4ebe-848a-b9ac7bcb2ebc,-1001090650732,2019-06-06 03:28:47.022333
7998e63a-8c54-4fa4-8736-ffc7ca20f4cd,-1001090650732,2019-06-06 03:29:34.594054
37d4b5ec-2522-4509-a0aa-5a1a70156211,-1001090650732,2019-06-06 03:34:31.678047
398e34a4-9037-4418-b7af-0a58de6dfc18,-1001090650732,2019-06-06 03:39:35.924449
586f3dac-9db0-4b9f-a900-9602cc405de1,-1001090650732,2019-06-06 03:45:26.830519
cc18fdfb-996c-4cc2-90a1-e431a1004507,-1001090650732,2019-06-06 03:51:54.209676
65c42aab-d5cf-4d5a-8c1c-f1e43945f686,-1001090650732,2019-06-09 19:13:30.206764
1bf519df-6a38-428f-a001-0babb1c3dd20,-330675542,2019-06-14 23:40:00.897512
d2726b64-0e09-4372-bf14-4482c1bd6b07,-330675542,2019-06-14 23:40:31.729276
f0570dc4-9af8-4b82-b162-2d0edd5ecd87,-330675542,2019-06-14 23:40:44.426002
a931eba6-357e-4b8c-ab0f-f3a40a06b71a,-330675542,2019-06-14 23:40:55.813653
31ff3ae3-e4d7-48bc-b13a-e2b0f637ed1e,-330675542,2019-06-14 23:41:07.182303
00832648-a206-4c19-aba1-c028850e64ea,-330675542,2019-06-14 23:41:17.526895
3f316bfe-b0d2-4e48-9d3e-541196a26bfe,-330675542,2019-06-14 23:41:38.042068
491c8b2c-fee2-4363-bbec-6cbdb33dd4fa,-330675542,2019-06-14 23:41:48.483666
716081c2-c6ce-4112-aea5-cd62a063869a,-330675542,2019-06-14 23:42:00.921377
9e705730-a060-44bf-8d85-d49c82cfc3c0,-330675542,2019-06-14 23:45:10.909244
df4dead7-7d4f-44bc-a143-a133872ebd70,-330675542,2019-06-14 23:48:08.222386
a2f8efc0-cef6-4055-9605-9eeccf0a9cd4,-330675542,2019-06-14 23:50:02.389916
04bc30f0-65f5-45eb-849e-cfe0e0683564,-330675542,2019-06-14 23:56:50.970285
2699ab8d-1e51-4cdc-8a9c-5e5992c52bff,-330675542,2019-06-14 23:58:47.110928
b3a0c3fe-ddfc-46ee-97ea-71b8636af9c7,-330675542,2019-06-14 23:59:02.145788
7cbd13e2-b824-4d0d-9b14-febca9c9f739,-330675542,2019-06-15 00:00:54.179196
f44ca66f-5210-4e36-b3da-d7a0ff5ffc32,-330675542,2019-06-15 00:06:37.327823
c0322dff-d2af-4268-bad3-4da301f4146d,-330675542,2019-06-15 00:06:51.099610
6e0c0c99-aa10-4ab9-81e1-03635095ad93,-330675542,2019-06-15 00:07:10.604726
fa51ee0c-b864-4ce8-8b59-98d6ae29c571,-330675542,2019-06-15 00:09:08.203452
3d7622d3-b4be-464d-84ac-ae1c4c4f75a0,-330675542,2019-06-15 00:09:34.803974
89131887-f309-4563-b819-194dc48be5c3,-330675542,2019-06-24 19:26:52.723285
74073c24-1ebc-4292-8a1c-f4b0ad626275,-330675542,2019-06-24 19:27:15.755603
68dc3f8d-3744-400d-973c-6a18f438f366,-330675542,2019-06-24 19:27:34.465673
875ce382-5a77-42d2-aad7-6c8664c285ca,-330675542,2019-06-24 19:27:45.769320
1e61c60f-ecef-4674-aebd-b9b4aeab6f0d,-330675542,2019-06-24 19:27:58.570052
b3651838-2d87-4c39-9a31-e5e0663a43b5,-330675542,2019-06-24 19:28:17.282122
648baea6-bfed-4fca-9fb1-34937eb6ccd7,-330675542,2019-06-24 19:35:41.086506
4e2dec5d-9949-4179-86b3-b8bb4b4afbcb,-330675542,2019-06-24 23:24:26.288543
9ae814b6-abd4-4ac6-93a0-61e4acb88eb6,-330675542,2019-06-24 23:26:34.572880
65fe23fc-560d-4c91-9bcf-9b910a8159b8,-330675542,2019-06-24 23:26:49.704746
836eaa6f-c91e-4ccb-b99c-c0a51b0eb114,-330675542,2019-06-24 23:27:09.333868
2b3ef3b7-066f-4295-a83b-56187ef73b2d,-330675542,2019-06-24 23:27:25.661802
fdf2cdb9-ce92-48a1-bd2f-fd1480be6704,-330675542,2019-06-24 23:36:25.943705
e54b2eb0-a561-479f-8b10-b50cedb30643,-330675542,2019-06-24 23:40:14.704789
8e6ac148-f852-4338-b2e1-28ec86679a2d,-330675542,2019-06-24 23:40:26.789480
90a345de-3326-4790-9f53-a0971a3db089,-273384150,2019-06-28 01:34:01.641602
97586a77-3f7c-45c5-8f98-38f2bd82e548,-273384150,2019-06-28 01:35:28.496570
d289b20d-e510-43b0-b671-df839c728dc6,-330675542,2019-06-28 01:47:19.468235
3b7962d5-fee8-44db-be58-53a5f6dfbb95,-330675542,2019-06-28 02:05:52.732911
651d6adf-8e4e-4ab5-a203-abdc0c145602,-330675542,DOMIN,2019-07-03 01:00:58.213346
243e3661-5487-4024-9893-f4426bac5a50,-330675542,DOMIN,2019-07-05 05:35:58.494482
e20bef59-e1c1-44d2-8453-bd653d344b33,-330675542,DOMIN,2019-07-05 05:41:21.547959
b18ff00f-51a5-4133-bd1a-babbff79ac65,-330675542,DOMIN,2019-07-05 05:44:17.036997
06839d0d-c690-4d63-8c2c-ddc4917615d4,-330675542,DOMIN,2019-07-05 05:48:14.280566
